lago,bloque_1km,bloque_x,bloque_y,observaciones,altas,alta_pct
amatitlan,amatitlan_757_1601,757,1601,36,19,52.77777777777778
amatitlan,amatitlan_757_1602,757,1602,1568,735,46.875
amatitlan,amatitlan_757_1603,757,1603,1378,678,49.20174165457184
amatitlan,amatitlan_758_1601,758,1601,2549,1137,44.6057277363672
amatitlan,amatitlan_758_1602,758,1602,6475,2866,44.262548262548265
amatitlan,amatitlan_758_1603,758,1603,435,183,42.06896551724138
amatitlan,amatitlan_759_1600,759,1600,43,14,32.55813953488372
amatitlan,amatitlan_759_1601,759,1601,2622,1237,47.17772692601068
amatitlan,amatitlan_759_1602,759,1602,4870,2141,43.96303901437371
amatitlan,amatitlan_760_1600,760,1600,4730,2128,44.989429175475685
amatitlan,amatitlan_760_1601,760,1601,7920,3655,46.148989898989896
amatitlan,amatitlan_760_1602,760,1602,3557,1508,42.395276918751755
amatitlan,amatitlan_761_1599,761,1599,1849,579,31.314223904813414
amatitlan,amatitlan_761_1600,761,1600,6135,2516,41.01059494702527
amatitlan,amatitlan_761_1601,761,1601,4272,1405,32.88857677902622
amatitlan,amatitlan_761_1602,761,1602,3749,1181,31.50173379567885
amatitlan,amatitlan_761_1603,761,1603,479,185,38.62212943632568
amatitlan,amatitlan_762_1598,762,1598,2120,727,34.29245283018868
amatitlan,amatitlan_762_1599,762,1599,3229,1067,33.044286156704864
amatitlan,amatitlan_762_1600,762,1600,1889,625,33.08628904182107
amatitlan,amatitlan_762_1601,762,1601,207,63,30.434782608695652
amatitlan,amatitlan_762_1602,762,1602,307,146,47.557003257328994
amatitlan,amatitlan_762_1603,762,1603,2,2,100.0
amatitlan,amatitlan_763_1596,763,1596,1269,647,50.98502758077226
amatitlan,amatitlan_763_1597,763,1597,5029,2405,47.82262875323126
amatitlan,amatitlan_763_1598,763,1598,6702,2491,37.168009549388245
amatitlan,amatitlan_763_1599,763,1599,547,140,25.59414990859232
amatitlan,amatitlan_764_1595,764,1595,365,133,36.43835616438356
amatitlan,amatitlan_764_1596,764,1596,7306,3432,46.97508896797153
amatitlan,amatitlan_764_1597,764,1597,8003,3783,47.26977383481194
amatitlan,amatitlan_764_1598,764,1598,3674,1430,38.92215568862275
amatitlan,amatitlan_765_1595,765,1595,1020,373,36.568627450980394
amatitlan,amatitlan_765_1596,765,1596,5018,2437,48.56516540454364
amatitlan,amatitlan_765_1597,765,1597,5465,2634,48.19762122598353
amatitlan,amatitlan_765_1598,765,1598,4325,1928,44.578034682080926
amatitlan,amatitlan_766_1598,766,1598,856,290,33.87850467289719
atitlan,atitlan_684_1625,684,1625,99,14,14.141414141414142
atitlan,atitlan_684_1626,684,1626,283,6,2.1201413427561837
atitlan,atitlan_684_1627,684,1627,14,2,14.285714285714286
atitlan,atitlan_685_1625,685,1625,450,54,12.0
atitlan,atitlan_685_1626,685,1626,851,5,0.5875440658049353
atitlan,atitlan_685_1627,685,1627,220,1,0.45454545454545453
atitlan,atitlan_686_1624,686,1624,53,6,11.320754716981131
atitlan,atitlan_686_1625,686,1625,712,48,6.741573033707865
atitlan,atitlan_686_1626,686,1626,1032,2,0.1937984496124031
atitlan,atitlan_686_1627,686,1627,701,0,0.0
atitlan,atitlan_686_1628,686,1628,111,0,0.0
atitlan,atitlan_687_1617,687,1617,3,0,0.0
atitlan,atitlan_687_1623,687,1623,38,2,5.2631578947368425
atitlan,atitlan_687_1624,687,1624,591,61,10.321489001692047
atitlan,atitlan_687_1625,687,1625,1039,69,6.641000962463908
atitlan,atitlan_687_1626,687,1626,1098,0,0.0
atitlan,atitlan_687_1627,687,1627,894,0,0.0
atitlan,atitlan_687_1628,687,1628,219,1,0.45662100456621
atitlan,atitlan_688_1616,688,1616,325,0,0.0
atitlan,atitlan_688_1617,688,1617,638,0,0.0
atitlan,atitlan_688_1618,688,1618,296,1,0.33783783783783783
atitlan,atitlan_688_1623,688,1623,377,4,1.0610079575596818
atitlan,atitlan_688_1624,688,1624,961,0,0.0
atitlan,atitlan_688_1625,688,1625,1102,0,0.0
atitlan,atitlan_688_1626,688,1626,1030,0,0.0
atitlan,atitlan_688_1627,688,1627,905,0,0.0
atitlan,atitlan_688_1628,688,1628,250,2,0.8
atitlan,atitlan_689_1616,689,1616,1,0,0.0
atitlan,atitlan_689_1617,689,1617,350,0,0.0
atitlan,atitlan_689_1618,689,1618,696,0,0.0
atitlan,atitlan_689_1619,689,1619,344,0,0.0
atitlan,atitlan_689_1620,689,1620,104,1,0.9615384615384616
atitlan,atitlan_689_1621,689,1621,242,2,0.8264462809917356
atitlan,atitlan_689_1622,689,1622,463,2,0.4319654427645788
atitlan,atitlan_689_1623,689,1623,896,1,0.11160714285714286
atitlan,atitlan_689_1624,689,1624,1035,0,0.0
atitlan,atitlan_689_1625,689,1625,1107,0,0.0
atitlan,atitlan_689_1626,689,1626,980,0,0.0
atitlan,atitlan_689_1627,689,1627,986,0,0.0
atitlan,atitlan_689_1628,689,1628,685,0,0.0
atitlan,atitlan_689_1629,689,1629,129,2,1.550387596899225
atitlan,atitlan_690_1618,690,1618,182,0,0.0
atitlan,atitlan_690_1619,690,1619,246,3,1.2195121951219512
atitlan,atitlan_690_1620,690,1620,356,4,1.1235955056179776
atitlan,atitlan_690_1621,690,1621,663,6,0.9049773755656109
atitlan,atitlan_690_1622,690,1622,919,0,0.0
atitlan,atitlan_690_1623,690,1623,979,0,0.0
atitlan,atitlan_690_1624,690,1624,978,0,0.0
atitlan,atitlan_690_1625,690,1625,959,0,0.0
atitlan,atitlan_690_1626,690,1626,926,0,0.0
atitlan,atitlan_690_1627,690,1627,1042,0,0.0
atitlan,atitlan_690_1628,690,1628,872,0,0.0
atitlan,atitlan_690_1629,690,1629,182,0,0.0
atitlan,atitlan_691_1621,691,1621,312,0,0.0
atitlan,atitlan_691_1622,691,1622,866,0,0.0
atitlan,atitlan_691_1623,691,1623,919,0,0.0
atitlan,atitlan_691_1624,691,1624,905,0,0.0
atitlan,atitlan_691_1625,691,1625,957,0,0.0
atitlan,atitlan_691_1626,691,1626,920,0,0.0
atitlan,atitlan_691_1627,691,1627,1026,0,0.0
atitlan,atitlan_691_1628,691,1628,956,0,0.0
atitlan,atitlan_691_1629,691,1629,619,0,0.0
atitlan,atitlan_692_1621,692,1621,67,0,0.0
atitlan,atitlan_692_1622,692,1622,660,2,0.30303030303030304
atitlan,atitlan_692_1623,692,1623,952,0,0.0
atitlan,atitlan_692_1624,692,1624,913,0,0.0
atitlan,atitlan_692_1625,692,1625,892,0,0.0
atitlan,atitlan_692_1626,692,1626,928,0,0.0
atitlan,atitlan_692_1627,692,1627,982,0,0.0
atitlan,atitlan_692_1628,692,1628,1068,0,0.0
atitlan,atitlan_692_1629,692,1629,779,1,0.12836970474967907
atitlan,atitlan_692_1630,692,1630,86,0,0.0
atitlan,atitlan_693_1621,693,1621,18,0,0.0
atitlan,atitlan_693_1622,693,1622,558,1,0.17921146953405018
atitlan,atitlan_693_1623,693,1623,905,0,0.0
atitlan,atitlan_693_1624,693,1624,961,0,0.0
atitlan,atitlan_693_1625,693,1625,912,0,0.0
atitlan,atitlan_693_1626,693,1626,947,0,0.0
atitlan,atitlan_693_1627,693,1627,988,0,0.0
atitlan,atitlan_693_1628,693,1628,1010,0,0.0
atitlan,atitlan_693_1629,693,1629,911,0,0.0
atitlan,atitlan_693_1630,693,1630,298,2,0.6711409395973155
atitlan,atitlan_694_1622,694,1622,105,3,2.857142857142857
atitlan,atitlan_694_1623,694,1623,850,0,0.0
atitlan,atitlan_694_1624,694,1624,951,1,0.10515247108307045
atitlan,atitlan_694_1625,694,1625,956,1,0.10460251046025104
atitlan,atitlan_694_1626,694,1626,891,0,0.0
atitlan,atitlan_694_1627,694,1627,968,0,0.0
atitlan,atitlan_694_1628,694,1628,1043,0,0.0
atitlan,atitlan_694_1629,694,1629,911,0,0.0
atitlan,atitlan_694_1630,694,1630,309,0,0.0
atitlan,atitlan_695_1622,695,1622,18,2,11.11111111111111
atitlan,atitlan_695_1623,695,1623,756,0,0.0
atitlan,atitlan_695_1624,695,1624,928,0,0.0
atitlan,atitlan_695_1625,695,1625,943,2,0.21208907741251326
atitlan,atitlan_695_1626,695,1626,981,2,0.2038735983690112
atitlan,atitlan_695_1627,695,1627,959,1,0.10427528675703858
atitlan,atitlan_695_1628,695,1628,1040,0,0.0
atitlan,atitlan_695_1629,695,1629,972,0,0.0
atitlan,atitlan_695_1630,695,1630,358,2,0.5586592178770949
atitlan,atitlan_696_1622,696,1622,20,0,0.0
atitlan,atitlan_696_1623,696,1623,681,9,1.3215859030837005
atitlan,atitlan_696_1624,696,1624,988,0,0.0
atitlan,atitlan_696_1625,696,1625,976,1,0.10245901639344263
atitlan,atitlan_696_1626,696,1626,990,0,0.0
atitlan,atitlan_696_1627,696,1627,1011,0,0.0
atitlan,atitlan_696_1628,696,1628,1087,0,0.0
atitlan,atitlan_696_1629,696,1629,962,0,0.0
atitlan,atitlan_696_1630,696,1630,549,0,0.0
atitlan,atitlan_696_1631,696,1631,16,0,0.0
atitlan,atitlan_697_1622,697,1622,189,5,2.6455026455026456
atitlan,atitlan_697_1623,697,1623,728,4,0.5494505494505495
atitlan,atitlan_697_1624,697,1624,933,0,0.0
atitlan,atitlan_697_1625,697,1625,906,0,0.0
atitlan,atitlan_697_1626,697,1626,940,0,0.0
atitlan,atitlan_697_1627,697,1627,990,0,0.0
atitlan,atitlan_697_1628,697,1628,986,0,0.0
atitlan,atitlan_697_1629,697,1629,936,0,0.0
atitlan,atitlan_697_1630,697,1630,472,2,0.423728813559322
atitlan,atitlan_697_1631,697,1631,64,0,0.0
atitlan,atitlan_698_1621,698,1621,91,1,1.098901098901099
atitlan,atitlan_698_1622,698,1622,637,6,0.9419152276295133
atitlan,atitlan_698_1623,698,1623,884,0,0.0
atitlan,atitlan_698_1624,698,1624,978,0,0.0
atitlan,atitlan_698_1625,698,1625,965,0,0.0
atitlan,atitlan_698_1626,698,1626,1073,0,0.0
atitlan,atitlan_698_1627,698,1627,992,0,0.0
atitlan,atitlan_698_1628,698,1628,915,0,0.0
atitlan,atitlan_698_1629,698,1629,553,4,0.7233273056057866
atitlan,atitlan_698_1630,698,1630,1,0,0.0
atitlan,atitlan_699_1619,699,1619,12,0,0.0
atitlan,atitlan_699_1620,699,1620,45,2,4.444444444444445
atitlan,atitlan_699_1621,699,1621,642,0,0.0
atitlan,atitlan_699_1622,699,1622,894,5,0.5592841163310962
atitlan,atitlan_699_1623,699,1623,978,0,0.0
atitlan,atitlan_699_1624,699,1624,991,0,0.0
atitlan,atitlan_699_1625,699,1625,994,0,0.0
atitlan,atitlan_699_1626,699,1626,1016,0,0.0
atitlan,atitlan_699_1627,699,1627,1013,0,0.0
atitlan,atitlan_699_1628,699,1628,819,0,0.0
atitlan,atitlan_699_1629,699,1629,264,1,0.3787878787878788
atitlan,atitlan_700_1618,700,1618,13,0,0.0
atitlan,atitlan_700_1619,700,1619,320,6,1.875
atitlan,atitlan_700_1620,700,1620,569,1,0.1757469244288225
atitlan,atitlan_700_1621,700,1621,838,0,0.0
atitlan,atitlan_700_1622,700,1622,960,0,0.0
atitlan,atitlan_700_1623,700,1623,940,0,0.0
atitlan,atitlan_700_1624,700,1624,1016,0,0.0
atitlan,atitlan_700_1625,700,1625,967,0,0.0
atitlan,atitlan_700_1626,700,1626,902,0,0.0
atitlan,atitlan_700_1627,700,1627,720,0,0.0
atitlan,atitlan_700_1628,700,1628,297,1,0.3367003367003367
atitlan,atitlan_700_1629,700,1629,1,0,0.0
atitlan,atitlan_701_1619,701,1619,6,0,0.0
atitlan,atitlan_701_1620,701,1620,106,0,0.0
atitlan,atitlan_701_1621,701,1621,550,0,0.0
atitlan,atitlan_701_1622,701,1622,936,0,0.0
atitlan,atitlan_701_1623,701,1623,941,0,0.0
atitlan,atitlan_701_1624,701,1624,975,0,0.0
atitlan,atitlan_701_1625,701,1625,835,0,0.0
atitlan,atitlan_701_1626,701,1626,284,0,0.0
atitlan,atitlan_701_1627,701,1627,63,0,0.0
atitlan,atitlan_702_1621,702,1621,162,0,0.0
atitlan,atitlan_702_1622,702,1622,458,0,0.0
atitlan,atitlan_702_1623,702,1623,454,0,0.0
atitlan,atitlan_702_1624,702,1624,355,1,0.28169014084507044
atitlan,atitlan_702_1625,702,1625,283,0,0.0
